date,spend,impressions,clicks,d1_purchases,d1_purchase_value,cpm,cpc,ctr,cpa_purchase,d1_roas,aov,backend_orders,backend_gmv,backend_roi,backend_aov
2025-07-23,23.44,37261.0,123.0,0.0,0.0,0.629075977563673,0.190569105691057,0.00330103861946808,,0.0,,0,0.0,0.0,
2025-07-24,113.16,208792.0,530.0,0.0,0.0,0.541974788306065,0.213509433962264,0.00253841143338825,,0.0,,1,69.6,0.615058324496288,69.6
2025-07-25,112.08,221476.0,483.0,0.0,0.0,0.506059347288194,0.232049689440994,0.00218082320432011,,0.0,,0,0.0,0.0,
2025-07-26,114.72,244284.0,448.0,0.0,0.0,0.469617330647934,0.256071428571429,0.00183393099834619,,0.0,,0,0.0,0.0,
2025-07-27,123.21,280069.0,578.0,0.0,0.0,0.439927303628749,0.213166089965398,0.0020637771406332,,0.0,,0,0.0,0.0,
2025-07-28,61.05,183963.0,380.0,0.0,0.0,0.331860211020694,0.160657894736842,0.00206563276310997,,0.0,,1,19.18,0.314168714168714,19.18
2025-07-29,89.67,11243.0,3464.0,0.0,0.0,7.97562928044116,0.0258862586605081,0.308102819532153,,0.0,,1,21.18,0.236199397791904,21.18
2025-07-30,99.49,13553.0,3789.0,4.0,366.74,7.34081015273371,0.0262575877540248,0.279569099092452,24.8725,3.68619961805207,91.685,7,354.72,3.56538345562368,50.6742857142857
2025-07-31,115.18,14211.0,4059.0,2.0,81.02,8.10498909295616,0.0283764474008376,0.285623812539582,57.59,0.703420732766105,40.51,3,107.7,0.935058169821149,35.9
2025-08-01,116.2,14510.0,4027.0,8.0,702.17,8.00827015851137,0.02885522721629,0.277532736044108,14.525,6.04277108433735,87.77125,11,640.56,5.51256454388984,58.2327272727273
2025-08-02,106.82,10973.0,2923.0,6.0,1048.2,9.73480360885811,0.0365446459117345,0.266381117287888,17.8033333333333,9.81276914435499,174.7,12,452.12,4.2325407227111,37.6766666666667
2025-08-03,112.48,12640.0,3512.0,2.0,112.47,8.89873417721519,0.0320273348519362,0.277848101265823,56.24,0.999911095305832,56.235,12,705.68,6.27382645803699,58.8066666666667
2025-08-04,19.64,2399.0,803.0,0.0,0.0,8.18674447686536,0.0244582814445828,0.334722801167153,,0.0,,13,779.26,39.6771894093686,59.9430769230769
2025-08-05,118.49,20448.0,4240.0,0.0,0.0,5.79469874804382,0.0279457547169811,0.20735524256651,,0.0,,7,256.84,2.1676090809351,36.6914285714286
2025-08-06,272.56,98733.0,8096.0,0.0,0.0,2.7605765043096,0.0336660079051383,0.0819989263974558,,0.0,,6,159.86,0.586513061344291,26.6433333333333
2025-08-07,268.92,130570.0,7472.0,1.0,184.36,2.05958489699012,0.0359903640256959,0.057226009037298,268.92,0.685557042986762,184.36,12,601.96,2.23843522237097,50.1633333333333
2025-08-08,254.51,134021.0,7483.0,2.0,101.83,1.89903074891248,0.0340117599893091,0.0558345333940203,127.255,0.400102157086166,50.915,3,236.73,0.930140269537543,78.91
2025-08-09,280.98,172427.0,7872.0,2.0,60.64,1.62955917576714,0.0356935975609756,0.0456541028957182,140.49,0.215816072318314,30.32,8,300.91,1.07093031532493,37.61375
2025-08-10,310.27,174094.0,7671.0,0.0,0.0,1.78219812285317,0.0404471385738496,0.0440624030696061,,0.0,,10,544.36,1.7544719115609,54.436
2025-08-11,207.17,58312.0,5024.0,0.0,0.0,3.55278501852106,0.0412360668789809,0.0861572232130608,,0.0,,13,496.26,2.39542404788338,38.1738461538462
2025-08-12,123.26,6882.0,2439.0,3.0,168.63,17.9104911362976,0.0505371053710537,0.354402789886661,41.0866666666667,1.36808372545838,56.21,10,466.37,3.7836281031965,46.637
2025-08-13,139.45,9556.0,3211.0,2.0,86.41,14.5929259104228,0.0434288383681096,0.336019254918376,69.725,0.619648619576909,43.205,18,645.71,4.63040516314091,35.8727777777778
2025-08-14,196.14,16689.0,4760.0,2.0,57.17,11.7526514470609,0.0412058823529412,0.285217808137096,98.07,0.291475476700316,28.585,17,1073.39,5.47257061282757,63.1405882352941
2025-08-15,206.33,15494.0,4383.0,22.0,2319.84,13.3167677810765,0.0470750627424139,0.282883696914935,9.37863636363636,11.2433480347017,105.447272727273,42,1413.82,6.85222701497601,33.662380952381
2025-08-16,244.67,20941.0,5325.0,5.0,537.34,11.6837782340862,0.0459474178403756,0.254285850723461,48.934,2.1961826133159,107.468,46,2378.75,9.72227898802469,51.7119565217391
2025-08-17,231.07,24539.0,5820.0,5.0,731.04,9.41643913769917,0.0397027491408935,0.237173478951873,46.214,3.16371662266846,146.208,15,1010.15,4.37161898991648,67.3433333333333
2025-08-18,180.07,19600.0,4510.0,1.0,86.88,9.18724489795918,0.0399268292682927,0.230102040816327,180.07,0.482479035930472,86.88,4,116.23,0.64547120564225,29.0575
2025-08-19,178.83,17301.0,4533.0,3.0,72.02,10.3363967400728,0.0394506949040371,0.262007976417548,59.61,0.402728848627188,24.0066666666667,30,1361.86,7.6153889168484,45.3953333333333
2025-08-20,218.96,22133.0,4929.0,6.0,347.24,9.8929200740975,0.0444228038141611,0.222699137035196,36.4933333333333,1.58586043112897,57.8733333333333,21,766.66,3.5013701132627,36.507619047619
2025-08-21,231.25,24469.0,5463.0,4.0,762.73,9.45073358126609,0.0423302214900238,0.223262086721975,57.8125,3.29829189189189,190.6825,30,1215.25,5.25513513513514,40.5083333333333
2025-08-22,227.82,21027.0,5579.0,4.0,134.68,10.8346411756313,0.0408352751389138,0.265325533837447,56.955,0.59116846633307,33.67,39,1937.43,8.50421385304188,49.6776923076923
2025-08-23,264.01,31253.0,9059.0,1.0,181.84,8.44750903913224,0.0291433933105199,0.289860173423351,264.01,0.688761789326162,181.84,39,1832.34,6.94041892352562,46.9830769230769
2025-08-24,290.75,35571.0,9628.0,8.0,401.32,8.17379325855332,0.0301983797257998,0.270669927750134,36.34375,1.38029234737747,50.165,33,1273.8,4.3810834049871,38.6
2025-08-25,231.69,31761.0,8639.0,3.0,162.24,7.2947955039199,0.0268190762819771,0.272000251881238,77.23,0.700246018386637,54.08,20,755.82,3.26220380681083,37.791
2025-08-26,237.73,32937.0,8927.0,2.0,339.84,7.2177186750463,0.0266304469586647,0.271032577344628,118.865,1.42952088503765,169.92,27,1281.2,5.38930719724057,47.4518518518519
2025-08-27,295.14,38270.0,9797.0,2.0,79.04,7.71204598902535,0.030125548637338,0.255996864384636,147.57,0.267805109439588,39.52,30,1270.68,4.30534661516568,42.356
2025-08-28,372.28,44443.0,10622.0,11.0,1006.61,8.37657223859775,0.035048013556769,0.239002767589947,33.8436363636364,2.70390566240464,91.51,25,1040.98,2.79622864510583,41.6392
2025-08-29,401.3135937,42873.0,9402.0,9.0,447.24,9.36052046042964,0.0426838538289726,0.219298859422014,44.5903993,1.11444019594894,49.6933333333333,52,2526.24,6.29492755704777,48.5815384615385
2025-08-30,417.0264779,37379.0,8215.0,7.0,192.08,11.1567050456138,0.05076402652465,0.219775809946762,59.5752111285714,0.460594255231102,27.44,46,2536.37,6.08203587640832,55.1384782608696
2025-08-31,460.1275557,36752.0,8486.0,6.0,948.98,12.5197963566609,0.0542219603700212,0.230898998693949,76.68792595,2.06242809900029,158.163333333333,48,2315.81,5.03297394670684,48.2460416666667
2025-09-01,391.0234324,30269.0,6993.0,10.0,858.33,12.9182804981995,0.0559164067496068,0.231028444943672,39.10234324,2.19508584110112,85.833,29,1540.47,3.93958487486286,53.1196551724138
2025-09-02,465.73,30956.0,8901.0,3.0,54.4,15.044902442176,0.0523233344568026,0.28753714950252,155.243333333333,0.116805874648401,18.1333333333333,35,1509.97,3.24215747321409,43.142
2025-09-03,456.21,29612.0,8126.0,2.0,86.94,15.4062542212617,0.0561420132906719,0.274415777387546,228.105,0.190570132175972,43.47,48,2010.69,4.40737818110081,41.889375
2025-09-04,475.47,34826.0,8831.0,2.0,55.72,13.6527307184288,0.0538410146076322,0.253574915293172,237.735,0.11718930742213,27.86,67,2541.33,5.34487980314215,37.9302985074627
2025-09-05,526.49,39575.0,9941.0,2.0,187.95,13.3036007580543,0.0529614726888643,0.251193935565382,263.245,0.356986837356835,93.975,37,1676.57,3.18442895401622,45.3127027027027
2025-09-06,602.22,42953.0,11225.0,11.0,2737.11,14.0204409470817,0.0536498886414254,0.261332153749447,54.7472727272727,4.54503337650692,248.828181818182,45,1926.01,3.19818338813058,42.8002222222222
2025-09-07,541.95,36679.0,9867.0,12.0,1167.38,14.7754846097222,0.0549255092733354,0.269009514981324,45.1625,2.15403635021681,97.2816666666667,74,2712.48,5.00503736507058,36.6551351351351
2025-09-08,467.48,31101.0,8630.0,0.0,0.0,15.0310279412238,0.0541691772885284,0.277483039130575,,0.0,,70,2746.48,5.87507486951313,39.2354285714286
2025-09-09,497.26,32655.0,9254.0,9.0,379.04,15.2276833563007,0.053734601253512,0.283386923901393,55.2511111111111,0.762257169287697,42.1155555555556,55,4943.68,9.94184129027068,89.8850909090909
2025-09-10,490.02,46719.0,13733.0,8.0,365.44,10.4886662813844,0.0356819340275249,0.293948928701385,61.2525,0.745765478960042,45.68,48,2456.96,5.01399942859475,51.1866666666667
2025-09-11,603.81,108839.0,27897.0,5.0,673.43,5.54773564622975,0.0216442628239596,0.256314372605408,120.762,1.11530117089813,134.686,56,2340.86,3.87681555456187,41.8010714285714
2025-09-12,561.11,91420.0,21845.0,16.0,1016.77,6.13771603587836,0.025685969329366,0.238952089258368,35.069375,1.81206893478997,63.548125,49,2164.44,3.85742546024844,44.1722448979592
2025-09-13,603.32,45948.0,13141.0,22.0,1503.81,13.1304953425612,0.0459112700707709,0.285997214242187,27.4236363636364,2.49255784658224,68.355,70,2939.99,4.87301929324405,41.9998571428571
2025-09-14,603.53,49670.0,13791.0,8.0,301.57,12.150795248641,0.0437625987963164,0.277652506543185,75.44125,0.499676900899707,37.69625,71,2798.94,4.63761536294799,39.4216901408451
2025-09-15,585.11,49982.0,13273.0,8.0,344.91,11.7064143091513,0.0440827243275823,0.265555600016006,73.13875,0.589478901403155,43.11375,70,2637.0,4.50684486677719,37.6714285714286
2025-09-16,523.52,37598.0,10952.0,6.0,866.59,13.9241449013245,0.0478013148283419,0.291292090004788,87.2533333333333,1.65531402811736,144.431666666667,76,3591.42,6.86013905867971,47.2555263157895
2025-09-17,622.55,43220.0,12553.0,12.0,1148.16,14.4042110134197,0.0495937226161077,0.290444238778343,51.8791666666667,1.84428559955024,95.68,62,4061.49,6.5239579150269,65.5079032258064
2025-09-18,724.16,42539.0,12722.0,12.0,520.36,17.023437316345,0.0569218676308756,0.299066738757376,60.3466666666667,0.718570481661511,43.3633333333333,58,3664.32,5.06009721608484,63.1779310344828
2025-09-19,723.5374,40347.0,13484.0,12.0,224.04,17.9328673755174,0.0536589587659448,0.334200807990681,60.2947833333333,0.309645361801615,18.67,83,3954.29,5.46521852222152,47.6420481927711
2025-09-20,697.0308,41817.0,13119.0,7.0,647.35,16.6685988951862,0.0531313972101532,0.313724083506708,99.5758285714286,0.928725100813336,92.4785714285714,68,2934.12,4.20945530670955,43.1488235294118
2025-09-21,733.7934,43890.0,14236.0,9.0,545.37,16.7189200273411,0.0515449143017702,0.324356345408977,81.5326,0.743220094375338,60.5966666666667,67,2302.75,3.1381448783813,34.3694029850746
2025-09-22,742.64,47063.0,14502.0,7.0,225.81,15.7796995516648,0.051209488346435,0.30814015256146,106.091428571429,0.304063880211139,32.2585714285714,47,1845.83,2.48549768393838,39.2729787234043
2025-09-23,715.23,42683.0,13742.0,5.0,501.28,16.7567884169341,0.052047009168971,0.321954876648783,143.046,0.700865455867343,100.256,67,2431.31,3.39934007242426,36.2882089552239
2025-09-24,731.9,46245.0,14199.0,6.0,521.86,15.8265758460374,0.0515458835129234,0.307038598767434,121.983333333333,0.71302090449515,86.9766666666667,68,2560.23,3.49805984424102,37.6504411764706
2025-09-25,673.72,44121.0,13768.0,25.0,2133.57,15.2698261598785,0.0489337594421848,0.312050950794406,26.9488,3.1668497298581,85.3428,81,3336.23,4.95195333372915,41.188024691358
2025-09-26,681.55,46122.0,13516.0,2.0,79.48,14.7771128745501,0.0504254217224031,0.293048870387234,340.775,0.116616535837429,39.74,84,3607.35,5.29286185899787,42.9446428571429
2025-09-27,681.85,46031.0,13082.0,11.0,802.67,14.8128435184984,0.0521212352851246,0.284199778410202,61.9863636363636,1.17719439759478,72.97,71,2763.48,4.05291486397301,38.9222535211268
2025-09-28,692.66,42879.0,14368.0,12.0,788.79,16.1538282142774,0.0482085189309577,0.335082441288276,57.7216666666667,1.13878381890105,65.7325,67,2673.44,3.8596714116594,39.9020895522388
2025-09-29,705.09,42879.0,14623.0,7.0,151.19,16.4437137060099,0.0482178759488477,0.341029408335082,100.727142857143,0.214426527110014,21.5985714285714,87,4210.26,5.97123771433434,48.3937931034483
2025-09-30,722.2984,43791.0,15050.0,13.0,544.46,16.4942202735722,0.0479932491694352,0.343677924687721,55.5614153846154,0.753788185049282,41.8815384615385,85,3269.37,4.52634257531236,38.4631764705882
2025-10-01,709.4409,44179.0,14634.0,4.0,195.2,16.058328617669,0.0484789462894629,0.33124335091333,177.360225,0.275146245444828,48.8,90,4027.95,5.67763995563267,44.755
2025-10-02,729.9989,45801.0,15551.0,14.0,1249.44,15.9384926093317,0.0469422480869398,0.339534071308487,52.1427785714286,1.71156422290499,89.2457142857143,100,3550.01,4.86303472512082,35.5001
2025-10-03,712.474,42179.0,14934.0,3.0,155.65,16.8916759524882,0.0477081826704165,0.354062448137699,237.491333333333,0.218464112374627,51.8833333333333,83,3628.28,5.09250863891174,43.7142168674699
2025-10-04,741.1171,42991.0,14228.0,27.0,1669.53,17.238889535019,0.0520886350857464,0.330952990160731,27.4487814814815,2.25272092628817,61.8344444444444,72,3371.34,4.54899772249217,46.8241666666667
2025-10-05,725.8048,45330.0,14493.0,13.0,780.7,16.0115773218619,0.0500796798454426,0.319722038385175,55.8311384615385,1.07563355877503,60.0538461538462,65,2803.61,3.86276034548132,43.1324615384616
2025-10-06,721.4606,49222.0,14637.0,7.0,434.71,14.6572792653691,0.0492901960784314,0.297367031002397,103.0658,0.602541566372439,62.1014285714286,92,4056.71,5.62291274118088,44.0946739130435
2025-10-07,741.7,49094.0,15402.0,14.0,659.91,15.1077524748442,0.0481560836255032,0.313724691408319,52.9785714285714,0.889726304435756,47.1364285714286,59,2701.39,3.64215990292571,45.7862711864407
2025-10-08,682.41,40562.0,14307.0,16.0,665.28,16.8238745623983,0.0476976305305095,0.352719293920418,42.650625,0.974897788719392,41.58,95,4197.52,6.15102357820079,44.1844210526316
2025-10-09,733.55,44273.0,14824.0,4.0,397.73,16.5687891039686,0.0494839449541284,0.334831612946943,183.3875,0.542198895780792,99.4325,103,4255.73,5.80155408629269,41.3177669902913
2025-10-10,805.63,52764.0,17304.0,17.0,965.7,15.2685543173376,0.0465574433656958,0.327950875596998,47.39,1.198689224582,56.8058823529412,78,3506.72,4.35276739942654,44.9579487179487
2025-10-11,806.16,50715.0,17311.0,28.0,3561.14,15.8958887902987,0.0465692334353879,0.341338854382333,28.7914285714286,4.41741093579438,127.183571428571,79,3580.26,4.44112831199762,45.319746835443
2025-10-12,816.64,61883.0,16184.0,7.0,663.38,13.1965160060113,0.0504597132970835,0.261525782525088,116.662857142857,0.812328565830721,94.7685714285714,74,3525.62,4.31722668495298,47.6435135135135
2025-10-13,828.67,69828.0,17022.0,8.0,448.76,11.8673025147505,0.0486822935025261,0.243770407286475,103.58375,0.541542471671474,56.095,61,2572.11,3.1039014324158,42.165737704918
2025-10-14,857.44,62213.0,16068.0,28.0,3582.67,13.7823284522527,0.0533632063729151,0.25827399418128,30.6228571428571,4.17833317783169,127.9525,58,2046.95,2.38728074267587,35.2922413793104
2025-10-15,859.69,52584.0,15673.0,7.0,245.52,16.348889396014,0.0548516557136477,0.298056443024494,122.812857142857,0.285591317800603,35.0742857142857,81,3388.5,3.94153706568647,41.8333333333333
2025-10-16,840.76,56239.0,16944.0,11.0,759.43,14.9497679546222,0.0496199244570349,0.301285584736571,76.4327272727273,0.903266092582901,69.0390909090909,108,4241.78,5.04517341452971,39.2757407407407
2025-10-17,778.59,51763.0,15933.0,6.0,307.01,15.041438865599,0.0488665034833365,0.307806734540116,129.765,0.394315364954597,51.1683333333333,112,4817.51,6.18747993167136,43.0134821428571
2025-10-18,823.29,52162.0,15989.0,12.0,1237.04,15.7833288600897,0.0514910250797423,0.306525823396342,68.6075,1.50255681473114,103.086666666667,63,3068.68,3.72733787608255,48.7092063492064
2025-10-19,825.22,53963.0,16833.0,8.0,1113.19,15.2923299297667,0.04902394106814,0.311935956118081,103.1525,1.34896148905746,139.14875,118,4757.65,5.76531106856354,40.3190677966102
2025-10-20,807.16,58812.0,18187.0,15.0,1133.95,13.7244099843569,0.044381151371859,0.309239610963749,53.8106666666667,1.40486396749096,75.5966666666667,69,3203.3,3.96860597651023,46.4246376811594
2025-10-21,876.74,65436.0,19475.0,12.0,1464.22,13.3984351121707,0.0450187419768935,0.297619047619048,73.0616666666667,1.67007322581381,122.018333333333,124,4870.62,5.55537559595775,39.2791935483871
2025-10-22,844.07,58780.0,19098.0,5.0,459.39,14.3598162640354,0.0441967745313645,0.324906430758761,168.814,0.544255808167569,91.878,86,3762.49,4.45755683770303,43.7498837209302
2025-10-23,830.53,62762.0,19233.0,7.0,318.32,13.2330072336764,0.0431825508241044,0.306443389312004,118.647142857143,0.383273331487123,45.4742857142857,107,6442.01,7.75650488242448,60.2057009345794
2025-10-24,823.54,63100.0,18541.0,12.0,1717.37,13.0513470681458,0.0444172374737069,0.293835182250396,68.6283333333333,2.08535104548656,143.114166666667,67,2862.8,3.47621244869709,42.7283582089552
2025-10-25,751.47,57451.0,16433.0,19.0,2376.67,13.0801900750205,0.0457293251384409,0.286035055960732,39.551052631579,3.16269445220701,125.087894736842,103,3987.86,5.3067454455933,38.7170873786408
2025-10-26,734.59,57964.0,15865.0,6.0,190.72,12.673210958526,0.0463025527891585,0.273704368228556,122.431666666667,0.259627819600049,31.7866666666667,111,3931.94,5.35256401530105,35.4228828828829
2025-10-27,740.4,59645.0,16210.0,6.0,620.21,12.413446223489,0.0456755089450956,0.271774666778439,123.4,0.837668827660724,103.368333333333,110,4385.35,5.9229470556456,39.8668181818182
2025-10-28,795.86,63680.0,17693.0,13.0,694.41,12.4978015075377,0.0449816311535636,0.277842336683417,61.22,0.872527831528158,53.4161538461539,114,4236.02,5.32256929610736,37.1580701754386
2025-10-29,950.91,68705.0,19415.0,17.0,3282.43,13.8404774033913,0.0489781097089879,0.28258496470417,55.9358823529412,3.45188293319031,193.084117647059,139,5650.42,5.94211860218107,40.6505035971223
2025-10-30,1001.83,73098.0,20229.0,17.0,1840.38,13.7052997346029,0.0495244451035642,0.276738077649183,58.9311764705882,1.83701825659044,108.257647058824,153,5661.91,5.65156763123484,37.0059477124183
2025-10-31,1119.38,84372.0,21396.0,11.0,343.77,13.267197648509,0.0523172555617873,0.253591238799602,101.761818181818,0.307107505940789,31.2518181818182,145,5617.87,5.01873358466294,38.7439310344828
2025-11-01,1189.32,90448.0,19964.0,27.0,1208.2,13.1492128073589,0.0595732318172711,0.220723509640899,44.0488888888889,1.01587461742845,44.7481481481482,153,6685.81,5.62154003968654,43.6981045751634
2025-11-02,1168.89,94886.0,21449.0,27.0,1978.86,12.3188879286723,0.0544962469112779,0.226050207617562,43.2922222222222,1.69293945538075,73.2911111111111,136,5923.79,5.06787636133426,43.5572794117647
2025-11-03,1133.89,102585.0,22518.0,15.0,1101.66,11.0531754155091,0.0503548272493117,0.219505775698201,75.5926666666667,0.971575726040445,73.444,140,6595.56,5.81675471165633,47.1111428571429
2025-11-04,1159.64,119120.0,22884.0,20.0,2112.37,9.73505708529214,0.0506747072190177,0.192108797850907,57.982,1.82157393673899,105.6185,147,6625.9,5.71375599323928,45.0741496598639
2025-11-05,1227.19,124895.0,22787.0,15.0,921.49,9.82577364986589,0.0538548295080528,0.182449257376196,81.8126666666667,0.750894319543021,61.4326666666667,202,7813.53,6.36700918358201,38.6808415841584
2025-11-06,1298.57,112140.0,22701.0,10.0,594.29,11.5799001248439,0.0572032069071847,0.202434456928839,129.857,0.457649568371362,59.429,126,5957.08,4.5874153876957,47.2784126984127
2025-11-07,1635.29,142156.0,29530.0,26.0,1360.68,11.5034891246237,0.0553772434812056,0.207729536565463,62.8957692307692,0.832072598743954,52.3338461538462,174,8065.64,4.9322383185857,46.3542528735632
2025-11-08,1771.63,143747.0,29800.0,15.0,1050.6,12.3246398185701,0.0594506711409396,0.207308674267985,118.108666666667,0.593013213820041,70.04,183,7716.18,4.35541281193026,42.1649180327869
2025-11-09,1685.53,136870.0,27952.0,43.0,4329.02,12.3148242858187,0.0603008729250143,0.204222985314532,39.1983720930233,2.56834348839831,100.67488372093,192,6875.11,4.07890099849899,35.8078645833333
2025-11-10,1694.38,137899.0,28046.0,39.0,2505.56,12.2871086809912,0.0604143193325251,0.203380735175745,43.445641025641,1.47874738842526,64.2451282051282,228,9639.16,5.68890095492157,42.2770175438597
2025-11-11,1954.86,152076.0,30068.0,24.0,1380.56,12.8544938057287,0.0650146334974059,0.19771693100818,81.4525,0.706219371208168,57.5233333333333,168,8182.99,4.1859723970003,48.7082738095238
2025-11-12,1946.84,140148.0,28856.0,25.0,1645.75,13.8913148956817,0.0674674244524536,0.20589662356937,77.8736,0.845344250169506,65.83,233,9422.6,4.8399457582544,40.4403433476395
2025-11-13,1966.03,149065.0,31268.0,30.0,1838.37,13.1890785898769,0.0628767429960343,0.209760842585449,65.5343333333333,0.935067114947381,61.279,238,11697.4,5.94975661612488,49.1487394957983
2025-11-14,2167.06,159086.0,35549.0,73.0,4072.75,13.6219403341589,0.060959801963487,0.223457752410646,29.6857534246575,1.87938958773638,55.791095890411,268,10499.81,4.84518656613107,39.1783955223881
2025-11-15,2270.6,163001.0,34648.0,26.0,1543.25,13.9299758897185,0.0655333641191411,0.212563113109736,87.3307692307692,0.679666167532811,59.3557692307692,267,10573.93,4.65688804721219,39.602734082397
2025-11-16,2274.48,144793.0,34354.0,31.0,1165.2,15.7084941951614,0.066207137451243,0.23726285110468,73.3703225806452,0.512292919700327,37.5870967741936,261,10128.08,4.4529211072421,38.8049042145594
2025-11-17,2267.21,130356.0,33985.0,37.0,2749.52,17.3924483721501,0.0667120788583199,0.260709134984197,61.275945945946,1.21273283021864,74.3113513513514,376,14685.76,6.47745907966179,39.0578723404255
2025-11-18,2451.24,133504.0,32406.0,39.0,2737.28,18.3607981783317,0.0756415478615071,0.242734300095877,62.8523076923077,1.1166919599876,70.1866666666667,303,11696.53,4.77167882377899,38.6024092409241
2025-11-19,2932.09,149782.0,38308.0,37.0,1902.42,19.5757167082827,0.0765398872298215,0.255758368829365,79.2456756756757,0.648827287020521,51.4167567567568,239,9926.07,3.38532241506912,41.5316736401674
2025-11-20,3099.73,162633.0,36547.0,33.0,1886.31,19.059661938229,0.0848148958874874,0.224720690142837,93.9312121212121,0.608540098653754,57.1609090909091,357,15948.8,5.14522232581548,44.6745098039216
2025-11-21,2841.37,151012.0,35348.0,58.0,3134.09,18.815524594072,0.0803827656444495,0.234074113315498,48.9891379310345,1.10302072591743,54.0360344827586,346,15061.32,5.30072465043271,43.5298265895954
2025-11-22,2937.67,147492.0,36148.0,43.0,4161.06,19.9174870501451,0.0812678433108332,0.245084479158192,68.3179069767442,1.41644909060582,96.7688372093023,347,14481.61,4.92962449832691,41.7337463976945
2025-11-23,2955.5,152657.0,36018.0,31.0,3718.7,19.360396182291,0.0820561941251597,0.23594070366901,95.3387096774194,1.258230417865,119.958064516129,321,12557.78,4.24895279986466,39.1208099688473
2025-11-24,4454.54,193295.0,53293.0,51.0,2955.79,23.0452934633591,0.0835858367890717,0.275708114539952,87.3439215686275,0.663545506382253,57.9566666666667,452,19011.09,4.26780094016442,42.0599336283186
2025-11-25,5743.82,241931.0,64433.0,62.0,4196.11,23.7415626769616,0.0891440721369485,0.266328002612315,92.6422580645161,0.730543436249743,67.6791935483871,494,24199.35,4.21311078689792,48.9865384615385
2025-11-26,5044.48,221163.0,56686.0,93.0,6558.69,22.808878519463,0.0889898740429736,0.256308695396608,54.2417204301075,1.30017167279878,70.5235483870968,535,23762.03,4.71050137972596,44.4150093457944
2025-11-27,5341.94,229730.0,54570.0,97.0,6623.35,23.2531232316197,0.0978915154846985,0.237539720541505,55.0715463917526,1.23987727305061,68.2819587628866,630,29645.84,5.54963926962864,47.0568888888889
2025-11-28,8127.379,244690.0,65214.0,169.0,12248.85,148.934927615906,0.124626291900512,1.19505222649808,48.091,1.50710948757281,72.4784023668639,741,29923.7,3.68183888065267,40.3828609986505
2025-11-29,8590.331,286658.0,65131.0,87.0,4089.93,29.9671769146509,0.131893123090387,0.227208031870731,98.7394367816092,0.47610854575918,47.0106896551724,912,40187.0,4.67816665038868,44.0646929824561
2025-11-30,7542.538,284481.0,57369.0,74.0,4041.31,115.805653221968,0.131474106224616,0.880824799250741,101.926189189189,0.535802404972968,54.6122972972973,692,31103.91,4.12379891224943,44.9478468208093
2025-12-01,7169.32,286569.0,58944.0,79.0,4990.78,25.0177793131846,0.12162934310532,0.205688682306879,90.7508860759494,0.696130176920545,63.1744303797468,691,29962.46,4.17926107357462,43.361013024602
2025-12-02,4276.07,161094.0,36104.0,42.0,2897.13,72.5446186210641,0.118437569244405,0.612513572204126,101.81119047619,0.677521649552042,68.9792857142857,732,35089.55,8.20602796493042,47.936543715847
2025-12-03,1503.54,113571.0,21631.0,31.0,1485.87,13.2387669387432,0.0695085756553095,0.19046235394599,48.5012903225806,0.988247735344587,47.9312903225806,455,20100.46,13.368756401559,44.1768351648352
2025-12-04,1489.8,127291.0,22974.0,11.0,142.21,11.7038910842086,0.0648472185949334,0.180484087641703,135.436363636364,0.0954557658746141,12.9281818181818,496,23082.84,15.4939186467982,46.5379838709677
2025-12-05,1500.634,118213.0,24037.0,26.0,408.63,12.6943229594038,0.0624301701543454,0.203336350485987,57.7166923076923,0.272304905793151,15.7165384615385,423,19859.41,13.2340130904671,46.9489598108747
2025-12-06,1533.736,130290.0,23384.0,18.0,172.13,11.7717092639497,0.065589120766336,0.179476552306393,85.2075555555556,0.112229223282234,9.56277777777778,351,15934.44,10.3892977670212,45.397264957265
2025-12-07,1552.584,123916.0,23815.0,18.0,20.3,12.5293263178282,0.0651935334872979,0.192186642564318,86.2546666666667,0.0130749769416663,1.12777777777778,296,15015.08,9.67102585109727,50.7266216216216
2025-12-08,1571.25,114142.0,24767.0,33.0,622.95,13.7657479280195,0.0634412726612024,0.2169841075152,47.6136363636364,0.396467780429594,18.8772727272727,285,14144.3,9.00194112967383,49.6291228070175
2025-12-09,1571.38,117262.0,25861.0,8.0,106.53,13.4005901315004,0.0607625381849116,0.220540328495165,196.4225,0.0677939136300577,13.31625,280,12127.35,7.71764309078644,43.3119642857143
2025-12-10,1566.15,115249.0,25144.0,24.0,501.77,13.5892719242683,0.0622872255806554,0.218171090421609,65.25625,0.320384382083453,20.9070833333333,271,12141.16,7.75223318328385,44.8013284132841
2025-12-11,1521.43,117979.0,24148.0,19.0,63.54,12.8957695861128,0.0630043895974822,0.204680493986218,80.0752631578947,0.0417633410672854,3.34421052631579,322,15130.75,9.94508455860605,46.9899068322981
2025-12-12,1476.25,128160.0,23056.0,13.0,285.12,11.518804619226,0.0640288861901457,0.179900124843945,113.557692307692,0.193138018628281,21.9323076923077,290,15380.32,10.4185063505504,53.0355862068966
2025-12-13,1505.0,114656.0,22802.0,15.0,426.83,13.126221043818,0.0660029821945443,0.19887315099079,100.333333333333,0.283607973421927,28.4553333333333,213,12103.86,8.04243189368771,56.8256338028169
2025-12-14,1474.82,143821.0,22311.0,13.0,167.16,10.2545525340527,0.0661028192371476,0.155130335625535,113.447692307692,0.113342645204161,12.8584615384615,206,10027.18,6.79891783404077,48.6756310679612
2025-12-15,1503.69,140669.0,22415.0,17.0,156.96,10.6895620214831,0.0670840954717823,0.159345698057141,88.4523529411765,0.104383217285478,9.23294117647059,244,10524.72,6.99926181593281,43.1340983606557
2025-12-16,1601.59,149541.0,23702.0,14.0,69.2,10.7100393871915,0.0675719348578179,0.158498338248373,114.399285714286,0.0432070629811625,4.94285714285714,213,10408.89,6.49909777158948,48.8680281690141
2025-12-17,1590.93,146983.0,24662.0,16.0,404.8,10.8239048053176,0.0645093666369313,0.167788111550315,99.433125,0.254442370185992,25.3,204,10649.78,6.69405944950438,52.2048039215686
2025-12-18,1535.41,149307.0,23060.0,19.0,106.66,10.2835767914431,0.0665832610581093,0.154446877909274,80.811052631579,0.0694667873727539,5.61368421052632,237,12719.39,8.28403488319081,53.6683122362869
2025-12-19,1515.11,133222.0,21350.0,8.0,177.57,11.3728213057903,0.0709653395784543,0.160258816111453,189.38875,0.117199411263869,22.19625,230,11344.36,7.48748275702755,49.3233043478261
2025-12-20,1528.44,145558.0,21978.0,28.0,219.9,10.5005564792042,0.0695440895440895,0.150991357397051,54.5871428571429,0.143872183402685,7.85357142857143,206,10002.49,6.54424772971134,48.5557766990291
2025-12-21,1521.62,171618.0,22513.0,17.0,314.32,8.86631938374763,0.0675885044196686,0.131180878462632,89.5070588235294,0.206569314283461,18.4894117647059,208,10431.09,6.85525295408841,50.1494711538462
2025-12-22,1473.89,173454.0,21240.0,12.0,59.69,8.4972961130905,0.0693921845574388,0.122453215261683,122.824166666667,0.0404982732768388,4.97416666666667,173,9767.84,6.62725169449552,56.4615028901734
2025-12-23,1467.1,174617.0,20720.0,9.0,119.24,8.40181654707159,0.0708059845559846,0.118659695218679,163.011111111111,0.0812759866403108,13.2488888888889,169,8182.8,5.57753391043555,48.4189349112426
2025-12-24,1499.71,118845.0,18932.0,30.0,704.64,12.6190416088182,0.079215613775618,0.15929992847827,49.9903333333333,0.469850837828647,23.488,202,10722.53,7.14973561555234,53.0818316831683
2025-12-25,1489.66,101499.0,16245.0,18.0,550.79,14.6765977989931,0.0916995998768852,0.16005083793929,82.7588888888889,0.369742088798786,30.5994444444444,298,13857.97,9.30277378730717,46.503255033557
2025-12-26,1560.54,102021.0,16431.0,37.0,746.17,15.2962625341841,0.0949753514697827,0.161055076895933,42.1767567567568,0.478148589590783,20.1667567567568,388,18987.72,12.1674035910646,48.9374226804124
2025-12-27,1867.33,165926.0,17599.0,28.0,450.0,11.2539927437532,0.106104324109324,0.10606535443511,66.6903571428571,0.240985792548719,16.0714285714286,274,12406.52,6.64398901104786,45.2792700729927
2025-12-28,1875.15,173305.0,17036.0,22.0,294.63,10.8199417212429,0.110069852077953,0.0983006837656155,85.2340909090909,0.15712343012559,13.3922727272727,202,8765.71,4.67467135962456,43.3946039603961
2025-12-29,1915.34,179408.0,17349.0,10.0,84.48,10.6758895924373,0.110400599458182,0.0967013734058682,191.534,0.0441070514895528,8.448,236,10582.49,5.52512347677175,44.8410593220339
2025-12-30,2000.95,174121.0,17310.0,31.0,325.25,11.4917212742863,0.115595031773541,0.0994136261565233,64.5467741935484,0.162547789799845,10.491935483871,264,13684.74,6.83912141732677,51.8361363636364
2025-12-31,2010.65,174682.0,16753.0,16.0,249.34,11.5103445117413,0.120017310332478,0.0959057029344752,125.665625,0.124009648621093,15.58375,198,10363.48,5.15429338771044,52.3408080808081
2026-01-01,2074.53,188633.0,16229.0,17.0,160.02,10.9977045373821,0.127828578470639,0.0860347871263247,122.031176470588,0.0771355439545343,9.41294117647059,181,8091.35,3.90032923119936,44.703591160221
2026-01-02,2098.88,223760.0,17004.0,28.0,414.61,9.38005005362889,0.123434486003293,0.0759921344297462,74.96,0.197538687299893,14.8075,224,10184.07,4.85214495349901,45.4645982142857
2026-01-03,2076.23,196090.0,16280.0,32.0,211.18,10.5881482992503,0.127532555282555,0.0830231016370034,64.8821875,0.101713201331259,6.599375,275,13543.27,6.52301045645232,49.2482545454545
2026-01-04,1890.13,177190.0,15813.0,21.0,384.9,10.6672498447994,0.119530133434516,0.0892431852813364,90.0061904761905,0.203636786887674,18.3285714285714,199,9762.27,5.16486696682239,49.0566331658292
2026-01-05,1526.48,150641.0,15886.0,26.0,171.52,10.1332306609754,0.0960896386755634,0.105456017949961,58.7107692307692,0.112363083695823,6.59692307692308,245,11596.61,7.59696163723075,47.3331020408163
2026-01-06,1528.39,161807.0,15733.0,7.0,85.66,9.44575945416453,0.0971454903705587,0.0972331234124605,218.341428571429,0.0560459045139002,12.2371428571429,170,10768.13,7.04540725861855,63.3419411764706
2026-01-07,1532.16,159641.0,15793.0,14.0,321.32,9.59753446796249,0.0970151332868993,0.0989282201940604,109.44,0.209717000835422,22.9514285714286,173,8508.4,5.5532059314954,49.1815028901734
2026-01-08,1521.0,129781.0,13435.0,8.0,130.31,11.7197432597992,0.113211760327503,0.103520546150823,190.125,0.0856738987508218,16.28875,205,12822.11,8.43005259697567,62.5468780487805
2026-01-09,1551.22,132504.0,15004.0,2.0,24.3,11.7069673368351,0.103387096774194,0.113234317454567,775.61,0.0156650894134939,12.15,225,16598.32,10.7001714779335,73.7703111111111
2026-01-10,1548.17,150075.0,17479.0,41.0,508.39,10.3159753456605,0.0885731449167573,0.116468432450441,37.760243902439,0.328381250121111,12.399756097561,228,16269.18,10.5086521506036,71.356052631579
2026-01-11,1545.53,157664.0,16571.0,19.0,153.52,9.80268165212097,0.0932671534608654,0.105103257560382,81.3436842105263,0.0993316208679223,8.08,172,8931.86,5.77915666470402,51.9294186046512
2026-01-12,1545.46,159647.0,16306.0,9.0,279.57,9.68048256465828,0.0947786091009444,0.102137841613059,171.717777777778,0.180897596832011,31.0633333333333,218,10594.04,6.85494286490754,48.5965137614679
2026-01-13,1538.45,167344.0,16354.0,2.0,62.42,9.19333827325748,0.0940717867188455,0.0977268381298403,769.225,0.0405733042997822,31.21,186,9461.56,6.15006012545094,50.8686021505376
2026-01-14,1533.16,169462.0,16162.0,0.0,0.0,9.04722002572848,0.0948620220269769,0.0953724138744969,,0.0,,226,12152.11,7.92618513397167,53.7703982300885
2026-01-15,1554.93,156710.0,16201.0,8.0,43.85,9.92234062918767,0.0959774088019258,0.103382043264629,194.36625,0.0282006263947573,5.48125,186,9509.25,6.11554860990527,51.125
2026-01-16,1784.74,163521.0,18077.0,33.0,395.08,10.9144391240269,0.0987298777452011,0.110548492242587,54.0830303030303,0.221365577058843,11.9721212121212,240,11858.11,6.64416665732824,49.4087916666667
2026-01-17,2024.02,190310.0,19614.0,20.0,334.0,10.6353843728653,0.103192617518099,0.103063422836425,101.201,0.165018132231895,16.7,224,10968.47,5.41915099653165,48.9663839285714
2026-01-18,2047.41,228428.0,20257.0,15.0,307.6,8.96304305951985,0.101071728291455,0.0886800217136253,136.494,0.150238594126238,20.5066666666667,207,8399.87,4.1026809481247,40.5790821256039
2026-01-19,2027.2,219823.0,21464.0,35.0,372.1,9.22196494452355,0.0944465150950429,0.0976421939469482,57.92,0.183553670086819,10.6314285714286,225,10099.51,4.98199980268351,44.8867111111111
2026-01-20,2033.16,182719.0,19998.0,27.0,227.62,11.1272500396784,0.101668166816682,0.109446746096465,75.3022222222222,0.111953805898208,8.43037037037037,172,6976.95,3.43157941332704,40.5636627906977
2026-01-21,1824.18,186097.0,19418.0,6.0,257.97,9.80230739882964,0.0939427335461943,0.104343433800652,304.03,0.141416965431043,42.995,191,9156.69,5.01961977436437,47.9407853403141
2026-01-22,2006.0,187281.0,20353.0,13.0,162.76,10.7111773217785,0.0985604087849457,0.108676267213439,154.307692307692,0.0811365902293121,12.52,222,10682.53,5.32528913260219,48.1195045045045
2026-01-23,2029.61,192679.0,23104.0,23.0,367.17,10.533633660129,0.0878466932132964,0.119909279163791,88.2439130434783,0.180906676652165,15.9639130434783,254,11233.76,5.53493528313321,44.2274015748031
2026-01-24,2150.58,226167.0,25623.0,24.0,213.05,9.50881428325087,0.0839316239316239,0.113292390136492,89.6075,0.0990662983939216,8.87708333333333,228,10876.5,5.0574728677845,47.7039473684211
2026-01-25,2152.58,281339.0,27540.0,13.0,540.13,7.65119659912063,0.0781619462599855,0.0978890235623216,165.583076923077,0.250922149234872,41.5484615384615,212,10701.07,4.97127632887047,50.4767452830189
2026-01-26,2091.88,297010.0,26690.0,18.0,127.8,7.04312986094744,0.0783769201948295,0.0898622941988485,116.215555555556,0.0610933705566285,7.1,203,9028.56,4.31600282999025,44.4756650246305
2026-01-27,1984.54,193198.0,23810.0,22.0,232.77,10.2720525057195,0.0833490130197396,0.123241441422789,90.2063636363636,0.117291664567104,10.5804545454545,201,10560.28,5.32127344371996,52.5387064676617
2026-01-28,2156.51,204408.0,24643.0,19.0,195.82,10.550027396188,0.0875100434200382,0.120557903800243,113.500526315789,0.0908041233288972,10.3063157894737,265,13417.41,6.22181673166366,50.6317358490566
2026-01-29,2068.49,222607.0,22387.0,15.0,134.45,9.29211570166257,0.092396926787868,0.100567367602995,137.899333333333,0.0649991056277768,8.96333333333333,205,9599.96,4.64104733404561,46.8290731707317
2026-01-30,2124.45,222887.0,23482.0,16.0,1101.92,9.53151148339742,0.0904714249212162,0.105353834005572,132.778125,0.51868483607522,68.87,297,13948.99,6.56593000541317,46.9662962962963
2026-01-31,2124.5,255549.0,23140.0,17.0,331.98,8.31347412824938,0.0918107173725151,0.0905501488951238,124.970588235294,0.156262650035302,19.5282352941177,244,11759.22,5.53505295363615,48.1935245901639
2026-02-01,2129.34,291237.0,24974.0,19.0,258.07,7.31136497079698,0.0852622727636742,0.0857514670182703,112.070526315789,0.121197178468446,13.5826315789474,247,11895.42,5.58643523345262,48.1595951417004
2026-02-02,2126.1,281308.0,24441.0,12.0,15.39,7.55790805807158,0.0869890757333988,0.0868834160422029,177.175,0.00723860589812333,1.2825,217,10639.37,5.00417195804525,49.0293548387097
2026-02-03,2056.54,248752.0,21441.0,7.0,214.21,8.26743101563003,0.0959162352502215,0.0861942818550203,293.791428571429,0.104160385890865,30.6014285714286,170,8285.25,4.02873272584049,48.7367647058824
2026-02-04,2133.86,211616.0,21125.0,15.0,528.65,10.0836420686527,0.101011124260355,0.0998270452139725,142.257333333333,0.247743525817064,35.2433333333333,197,9526.68,4.464529069386,48.3587817258883
2026-02-05,2086.55,198190.0,20260.0,9.0,158.87,10.5280286593673,0.102988647581441,0.102225137494324,231.838888888889,0.0761400397785819,17.6522222222222,229,10243.72,4.90940547794206,44.7324017467249
2026-02-06,2011.82,246388.0,18429.0,36.0,576.17,8.16525155445882,0.109165988387867,0.0747966621751059,55.8838888888889,0.286392420793113,16.0047222222222,218,11570.11,5.7510661987653,53.0738990825688
2026-02-07,1982.99,211512.0,16830.0,17.0,179.77,9.37530731116911,0.117824717765894,0.0795699534778169,116.646470588235,0.0906560295311625,10.5747058823529,197,8667.43,4.37088941447007,43.9971065989848
2026-02-08,2065.7,241607.0,18314.0,12.0,115.72,8.54983506272583,0.112793491318117,0.0758007839176845,172.141666666667,0.0560197511739362,9.64333333333333,234,8588.77,4.1578012296074,36.7041452991453
2026-02-09,1919.41,215633.0,16681.0,21.0,185.29,8.90128134376464,0.11506564354655,0.0773582893156428,91.4004761904762,0.0965348726952553,8.82333333333333,192,8450.83,4.40282691035266,44.0147395833333
2026-02-10,1890.29,208302.0,16961.0,25.0,401.41,9.07475684342925,0.111449207004304,0.0814250463269676,75.6116,0.21235366002042,16.0564,168,8707.63,4.60650482201144,51.831130952381
2026-02-11,2022.8,247358.0,17549.0,6.0,78.63,8.1776210997825,0.115265827112656,0.0709457547360506,337.133333333333,0.0388718607870279,13.105,163,8488.95,4.196633379474,52.0794478527607
2026-02-12,1918.13,240155.0,17052.0,14.0,144.6,7.98705003018884,0.112487098287591,0.0710041431575441,137.009285714286,0.0753859227476761,10.3285714285714,205,8621.77,4.4948830371247,42.0574146341463
2026-02-13,1929.973,231843.0,18438.0,32.0,111.75,8.32448251618552,0.104673663087103,0.0795279564187834,60.31165625,0.0579023644372227,3.4921875,226,10016.39,5.18991198322464,44.3203097345133
2026-02-14,2006.573,225778.0,15583.0,23.0,470.35,8.88737166597277,0.128766797150741,0.0690191249811762,87.2423043478261,0.23440462918618,20.45,170,7837.53,3.9059281670789,46.1031176470588
2026-02-15,2030.202,245044.0,16752.0,15.0,116.19,8.28505084801097,0.121191618911175,0.0683632327255513,135.3468,0.0572307583186304,7.746,201,9786.64,4.82052524822653,48.6897512437811
2026-02-16,2016.193,230516.0,19812.0,15.0,233.65,8.74643408700481,0.101766252776095,0.0859463117527634,134.412866666667,0.115886723146048,15.5766666666667,213,9938.2,4.92919080663409,46.6582159624413
2026-02-17,2087.32,227635.0,21176.0,9.0,0.0,9.16959167087662,0.0985700793350963,0.0930261163705054,231.924444444444,0.0,0.0,203,10388.55,4.97698005097445,51.1751231527094
2026-02-18,2049.899,231140.0,19906.0,16.0,126.1,8.86864670762308,0.102978951070029,0.0861209656485247,128.1186875,0.0615152258721039,7.88125,214,10309.96,5.02949657519712,48.1773831775701
2026-02-19,1998.905,254922.0,18373.0,33.0,823.67,7.8412416346961,0.108795787296576,0.0720730262590126,60.5728787878788,0.412060603180241,24.959696969697,273,13389.97,6.69865251225046,49.0475091575092
2026-02-20,2017.52,217121.0,17943.0,16.0,461.24,9.29214585415506,0.112440506046926,0.0826405552664183,126.095,0.228617312343868,28.8275,262,11733.06,5.81558547127166,44.7826717557252
2026-02-21,2045.66,226774.0,17062.0,29.0,174.28,9.02069902193373,0.119895674598523,0.0752379020522635,70.54,0.0851949981912928,6.00965517241379,219,10630.62,5.19667002336654,48.5416438356164
2026-02-22,2004.522,235123.0,15577.0,43.0,907.72,8.52541861068462,0.128684727482827,0.0662504306256725,46.6167906976744,0.452836137493128,21.1097674418605,243,11723.89,5.84872104172466,48.2464609053498
2026-02-23,2091.86,268875.0,17500.0,61.0,599.19,7.78004649000465,0.119534857142857,0.0650860065086007,34.2927868852459,0.286438863021426,9.8227868852459,245,12487.6,5.96961555744648,50.9697959183673
2026-02-24,2081.914,267329.0,17737.0,53.0,969.72,7.78783446614471,0.117376895754637,0.0663489557810787,39.2813962264151,0.465782928593592,18.2966037735849,260,19781.23,9.50146355709218,76.0816538461539
2026-02-25,2089.882,260561.0,15873.0,8.0,185.18,8.02070148640817,0.131662697662698,0.0609185564992459,261.23525,0.0886078735545835,23.1475,262,12819.06,6.13386784517021,48.9277099236641
2026-02-26,2036.17,220927.0,16161.0,14.0,535.82,9.21648327275526,0.125992822226347,0.0731508597862643,145.440714285714,0.263150915689751,38.2728571428572,333,17076.15,8.38640683243541,51.2797297297297
2026-02-27,2090.75,228987.0,17574.0,33.0,339.14,9.1304309851651,0.118968362353477,0.0767467148790106,63.3560606060606,0.162209733349277,10.2769696969697,248,14046.56,6.71843118498147,56.6393548387097
2026-02-28,2041.14,245857.0,15291.0,37.0,314.0,8.30214311571361,0.133486364528154,0.0621946904094657,55.165945945946,0.153835601673575,8.48648648648649,284,14134.12,6.92462055517995,49.7680281690141
2026-03-01,1887.17,252312.0,13406.0,16.0,474.38,7.47950949617933,0.140770550499776,0.053132629442912,117.948125,0.251371100642761,29.64875,285,13091.96,6.93735063613771,45.936701754386
2026-03-02,1894.93,292543.0,13720.0,22.0,216.53,6.47744092321471,0.13811443148688,0.0468990883391501,86.1331818181818,0.114268073226979,9.84227272727273,224,10416.98,5.49729013736655,46.504375
2026-03-03,1894.15,279847.0,13848.0,12.0,97.99,6.76851994125361,0.13678148469093,0.0494841824282554,157.845833333333,0.0517329672940369,8.16583333333333,174,7852.77,4.14580154686799,45.1308620689655
2026-03-04,1824.66,306743.0,13328.0,16.0,317.07,5.94849760222727,0.136904261704682,0.0434500542799673,114.04125,0.173769359771135,19.816875,212,10202.26,5.59132112283932,48.1238679245283
2026-03-05,1991.08,326609.0,15688.0,22.0,202.37,6.09621902641997,0.1269173890872,0.0480329690853589,90.5036363636364,0.101638306848545,9.19863636363636,227,11151.69,5.60082467806417,49.1263876651982
2026-03-06,2178.646,334647.0,18318.0,19.0,838.18,6.51028098264739,0.11893470902937,0.0547382764525007,114.665578947368,0.384725191701635,44.1147368421053,244,11560.18,5.30613050490993,47.3777868852459
2026-03-07,2238.257,331594.0,19387.0,27.0,722.03,6.74999246065972,0.115451436529633,0.0584660759844871,82.8984074074074,0.322585833530287,26.7418518518519,229,10370.93,4.63348489471942,45.287903930131
2026-03-08,2011.3,313795.0,17897.0,9.0,41.33,6.40959862330502,0.112381963457563,0.057034050893099,223.477777777778,0.0205488987222195,4.59222222222222,219,9450.86,4.69888132053896,43.1546118721461
2026-03-09,2060.19,308028.0,20112.0,16.0,261.33,6.68832054228836,0.102435859188544,0.0652927655927383,128.761875,0.126847523772079,16.333125,220,12302.4,5.97148806663463,55.92
2026-03-10,1749.7,262987.0,16547.0,14.0,86.9,6.65318057546571,0.105741221973772,0.0629194598972573,124.978571428571,0.0496656569697663,6.20714285714286,194,9932.24,5.6765388352289,51.1971134020619
2026-03-11,1954.81,305252.0,16169.0,4.0,29.82,6.40392200542503,0.120898633186963,0.0529693499141693,488.7025,0.0152546794829165,7.455,204,9741.19,4.98319018216604,47.750931372549
2026-03-12,2166.5,338055.0,18830.0,7.0,52.1,6.40872047447901,0.115055762081784,0.0557009954001568,309.5,0.0240480036925917,7.44285714285714,221,9958.47,4.5965705054235,45.0609502262444
2026-03-13,2167.2,327963.0,19558.0,43.0,228.27,6.6080624948546,0.110808876163207,0.0596347758741078,50.4,0.105329457364341,5.30860465116279,266,12637.83,5.83140919158361,47.5106390977443
2026-03-14,2017.85,297111.0,17202.0,42.0,276.49,6.79156948076645,0.117303220555749,0.0578975534396236,48.0440476190476,0.137022077954258,6.58309523809524,185,9747.8,4.83078524171767,52.6908108108108
2026-03-15,2008.07,298980.0,16206.0,20.0,181.6,6.71640243494548,0.123909046032334,0.0542042946016456,100.4035,0.0904350943941197,9.08,248,10426.61,5.19235385220635,42.0427822580645
2026-03-16,2050.3,327728.0,17190.0,24.0,672.39,6.25610262168628,0.119272833042467,0.0524520333935459,85.4291666666667,0.327947129688338,28.01625,208,13160.9,6.41901185192411,63.2735576923077
2026-03-17,2176.8,265106.0,20464.0,16.0,285.28,8.21105520056129,0.106372165754496,0.0771917648035126,136.05,0.131054759279677,17.83,239,11842.78,5.44045387725101,49.5513807531381
2026-03-18,2181.55,225976.0,20258.0,41.0,575.05,9.65390129925302,0.107688320663442,0.0896466881438737,53.2085365853659,0.263596983795925,14.0256097560976,240,11968.1,5.48605349407531,49.8670833333333
2026-03-19,2501.45,311886.0,21490.0,82.0,718.91,8.0203984789314,0.116400651465798,0.0689033813637034,4.34996956786366,0.287397309560455,1.25016955047387,275,13124.08,5.24658897839253,47.7239272727273
2026-03-20,2524.132,323856.0,21537.0,30.0,437.03,7.79399486191394,0.117199795700423,0.0665017785682526,84.1377333333333,0.173140707379804,14.5676666666667,287,13706.37,5.43013202162169,47.7573867595819
2026-03-21,2895.232,400955.0,24240.0,47.0,760.22,7.22084024391765,0.119440264026403,0.0604556621067202,61.6006808510638,0.26257653963482,16.1748936170213,299,12452.17,4.30092303483797,41.6460535117057
2026-03-22,2884.17,368379.0,24624.0,26.0,384.38,7.82935509353139,0.117128411306043,0.0668442012166817,110.929615384615,0.133272310578087,14.7838461538462,283,13585.06,4.71021472382002,48.0037455830389
2026-03-23,3308.03,446377.0,26613.0,25.0,479.22,7.41084330061809,0.124301281328674,0.0596200073032437,132.3212,0.144865675341517,19.1688,318,14695.54,4.44238413799149,46.2123899371069
2026-03-24,5305.78,601804.0,38501.0,25.0,362.94,8.81645851473237,0.137808888080829,0.063975978890137,212.2312,0.0684046454998134,14.5176,365,18611.52,3.50778207916649,50.9904657534247
2026-03-25,4847.64,589961.0,34866.0,23.0,283.61,8.21688213288675,0.139036310445706,0.0590988217865249,210.766956521739,0.0585047569538992,12.3308695652174,354,18907.4,3.9003308826563,53.4107344632768
2026-03-26,5189.01,534596.0,36151.0,59.0,828.87,9.7064138152923,0.143537108240436,0.0676230274824353,87.9493220338983,0.159735672122428,14.0486440677966,380,17686.26,3.40840738406748,46.5427894736842
2026-03-27,5323.46,556166.0,33913.0,55.0,496.29,9.5717106043879,0.156974021761566,0.0609763991326331,96.7901818181818,0.0932269614123146,9.02345454545455,461,21575.01,4.05281715275404,46.8004555314534
2026-03-28,5167.78,533165.0,32869.0,43.0,785.72,9.69264674162783,0.157223523684931,0.0616488329128881,120.180930232558,0.152042076094571,18.2725581395349,469,18363.01,3.55336527483755,39.153539445629
2026-03-29,5144.97,476371.0,34265.0,24.0,252.31,10.8003425901241,0.150152342039982,0.0719292316282897,214.37375,0.0490401304575148,10.5129166666667,388,17722.55,3.44463621750953,45.676675257732
2026-03-30,4070.5,513405.0,28489.0,31.0,195.6,7.92843856214879,0.142879707957457,0.0554903049249618,131.306451612903,0.0480530647340622,6.30967741935484,341,14467.82,3.55431028129222,42.4276246334311
2026-03-31,1917.51,219125.0,16070.0,35.0,142.9,8.7507586993725,0.119322339763535,0.0733371363377068,54.786,0.0745237312973596,4.08285714285714,318,14284.62,7.4495674077319,44.9201886792453
2026-04-01,1915.16,269211.0,15101.0,17.0,469.97,7.11397379750456,0.126823389179525,0.0560935474404835,112.656470588235,0.245394640656655,27.6452941176471,305,13120.46,6.85084274943086,43.0179016393443
2026-04-02,2048.0,266019.0,18734.0,21.0,428.38,7.69869821328552,0.109319953026583,0.0704235411756303,97.5238095238095,0.209169921875,20.3990476190476,346,17921.27,8.7506201171875,51.7955780346821
2026-04-03,2109.97,288462.0,16681.0,13.0,178.08,7.31455096338513,0.126489419099574,0.057827374142868,162.305384615385,0.0843993042555108,13.6984615384615,383,17579.07,8.33143125257705,45.8983550913838
2026-04-04,2183.29,305491.0,17979.0,24.0,29.94,7.14682265598659,0.121435563713221,0.058852797627426,90.9704166666667,0.0137132492705962,1.2475,324,14152.01,6.48196529091417,43.6790432098765
2026-04-05,2157.02,345512.0,16165.0,8.0,0.0,6.24296695917942,0.133437673987009,0.0467856398620019,269.6275,0.0,0.0,295,12227.12,5.6685241676016,41.4478644067797
2026-04-06,2013.14,327171.0,15224.0,11.0,137.77,6.15317372260989,0.132234629532317,0.0465322415495261,183.012727272727,0.068435379556315,12.5245454545455,256,13110.81,6.5126171056161,51.2141015625
2026-04-07,2176.96,362561.0,16906.0,6.0,29.07,6.00439650155422,0.128768484561694,0.0466293947777064,362.826666666667,0.013353483757166,4.845,308,13392.04,6.15171615463766,43.4806493506494
2026-04-08,2177.03,368465.0,16707.0,16.0,272.0,5.90837664364322,0.130306458370743,0.0453421627562998,136.064375,0.124940859795226,17.0,252,13643.89,6.26720348364515,54.1424206349206
2026-04-09,1976.92,346181.0,14348.0,15.0,625.08,5.71065425312192,0.137783663228325,0.0414465265280301,131.794666666667,0.316188818970925,41.672,290,13085.77,6.61927139186209,45.1233448275862
2026-04-10,2007.02,353392.0,14253.0,18.0,228.25,5.67930230452302,0.140813863747983,0.0403319826142075,111.501111111111,0.113725822363504,12.6805555555556,312,14724.91,7.33670317186675,47.1952243589744
2026-04-11,2070.9,345838.0,14322.0,26.0,559.24,5.98806377552496,0.144595726853791,0.0414124532295468,79.65,0.270046839538365,21.5092307692308,290,12770.96,6.16686464822058,44.0377931034483
2026-04-12,2050.11,351649.0,13982.0,33.0,540.55,5.82998956345674,0.146624946359605,0.0397612391902152,62.1245454545455,0.263668778748457,16.380303030303,284,13845.79,6.75368150977265,48.7527816901409
2026-04-13,2036.33,352916.0,14566.0,18.0,138.36,5.77001326094595,0.139800219689688,0.0412732774937946,113.129444444444,0.0679457651755855,7.68666666666667,283,12262.18,6.02170571567477,43.3292579505301
2026-04-14,2143.68,350323.0,15643.0,18.0,703.18,6.11915289604165,0.137037652624177,0.0446530773029461,119.093333333333,0.328024705179878,39.0655555555556,264,11888.56,5.54586505448574,45.0324242424242
2026-04-15,2050.62,325714.0,14663.0,13.0,457.64,6.29576868049884,0.139849962490623,0.0450180219456333,157.74,0.223171528610859,35.2030769230769,266,13583.69,6.6241868312998,51.0665037593985
2026-04-16,2055.588,303345.0,15650.0,40.0,935.26,6.77640310537507,0.131347476038339,0.0515914223079332,51.3897,0.454984169979587,23.3815,293,12599.98,6.12962325135192,43.0033447098976
2026-04-17,2078.38,298186.0,17120.0,189.0,7086.96,6.97007907815927,0.121400700934579,0.0574138289523988,10.9967195767196,3.40984805473494,37.4971428571429,353,14874.4,7.15672783610312,42.1371104815864
2026-04-18,2128.73,349213.0,16094.0,178.0,4832.33,6.09579253922391,0.132268547284702,0.0460864858982913,11.9591573033708,2.27005303631743,27.1479213483146,254,11183.01,5.2533717286833,44.0275984251968
2026-04-19,2023.29,378129.0,13446.0,192.0,5074.86,5.35079298334695,0.150475234270415,0.0355592932570631,10.53796875,2.50822175763237,26.4315625,264,11871.42,5.86738430971339,44.9675
2026-04-20,1928.22,407991.0,13134.0,208.0,5262.92,4.72613366471319,0.146811329374143,0.0321918865857335,9.27028846153846,2.72941884224829,25.3025,258,13671.33,7.09012975697794,52.9896511627907
2026-04-21,2029.05,402517.0,12937.0,93.0,2556.86,5.04090510462912,0.156840844090593,0.032140257430121,21.8177419354839,1.26012666025973,27.4931182795699,249,10672.03,5.25961903353786,42.8595582329317
2026-04-22,2066.06,430780.0,11779.0,107.0,2371.95,4.79609081201541,0.175401986586298,0.0273434235572682,19.3089719626168,1.1480547515561,22.1677570093458,252,11820.2,5.72113104169288,46.9055555555556
2026-04-23,2082.85,405208.0,13105.0,76.0,1676.07,5.14019960119247,0.15893552079359,0.03234141477957,27.4059210526316,0.804700290467388,22.0535526315789,236,11512.9,5.52747437405478,48.7834745762712
2026-04-24,1960.89,368671.0,12547.0,123.0,11454.41,5.31880728345869,0.156283573762652,0.0340330538610306,15.9421951219512,5.8414342466941,93.1252845528455,272,11811.48,6.0235301317259,43.4245588235294
2026-04-25,2146.65,382525.0,14054.0,94.0,1931.85,5.6117900790798,0.152742991319197,0.036740082347559,22.8367021276596,0.899937111312976,20.5515957446809,292,19867.76,9.25523955931334,68.0402739726027
2026-04-26,2139.18,382969.0,15407.0,89.0,1818.17,5.58577848337594,0.138844680989161,0.0402304102943058,24.0357303370787,0.849937826643854,20.4288764044944,256,11704.25,5.47137220804234,45.7197265625
2026-04-27,2018.29,373142.0,16103.0,53.0,583.42,5.40890599289279,0.125336272744209,0.0431551527300599,38.0809433962264,0.289066486976599,11.0079245283019,234,10559.9,5.23210242333857,45.1277777777778
2026-04-28,2029.77,344581.0,16615.0,51.0,1217.38,5.89054532896474,0.122164911224797,0.0482179806779828,39.7994117647059,0.599762534671416,23.8701960784314,270,12793.98,6.30316735393665,47.3851111111111
2026-04-29,2067.94,342487.0,15680.0,34.0,770.63,6.03801020184708,0.131883928571429,0.0457827596375921,60.8217647058824,0.372655879764403,22.6655882352941,273,15041.41,7.27362012437498,55.0967399267399
2026-04-30,1993.13,322192.0,15093.0,65.0,1153.74,6.1861560808462,0.132056582521699,0.0468447385409942,30.6635384615385,0.578858378530251,17.7498461538462,301,12920.4,6.48246727508993,42.9249169435216
2026-05-01,2092.92,330993.0,16497.0,53.0,1296.98,6.32315487034469,0.126866703036916,0.0498409331919406,39.4890566037736,0.619698794029394,24.471320754717,322,12355.4,5.90342679127726,38.3708074534161
2026-05-02,2054.52,315585.0,15676.0,32.0,696.44,6.51019535149009,0.131061495279408,0.0496728298239777,64.20375,0.338979420983977,21.76375,364,14705.09,7.15743336643109,40.3985989010989
2026-05-03,1932.32,260329.0,16188.0,45.0,921.39,7.42260754660449,0.119367432666172,0.0621828532357133,42.9404444444444,0.476830959675416,20.4753333333333,301,13287.79,6.87659911401838,44.1454817275747
2026-05-04,1898.72,246245.0,17009.0,13.0,452.61,7.71069463339357,0.111630313363513,0.0690734837255579,146.055384615385,0.23837637987697,34.8161538461538,289,12016.45,6.32871092104154,41.5794117647059
2026-05-05,2002.08,211041.0,18637.0,29.0,2118.87,9.48668742092769,0.107425014755594,0.0883098544832521,69.0372413793103,1.05833433229441,73.0644827586207,316,13891.46,6.93851394549668,43.9603164556962
2026-05-06,2043.62,209333.0,19866.0,24.0,652.69,9.76253146899915,0.102870230544649,0.0949014250022691,85.1508333333333,0.319379336667287,27.1954166666667,389,16262.41,7.95764868224034,41.8056812339332
2026-05-07,2014.34,192696.0,19550.0,8.0,265.24,10.4534603728152,0.103035294117647,0.101455141777722,251.7925,0.131675883912348,33.155,302,13032.92,6.47006960096111,43.1553642384106
2026-05-08,1961.79,211464.0,20176.0,25.0,816.16,9.27718193167631,0.0972338421887391,0.095411039231264,78.4716,0.41602821912641,32.6464,332,13528.73,6.89611528247162,40.7491867469879
2026-05-09,2050.78,204219.0,20875.0,41.0,867.38,10.042062687605,0.0982409580838324,0.102218696595322,50.0190243902439,0.422951267322677,21.1556097560976,391,16485.02,8.03841465198607,42.1611764705882
2026-05-10,2105.82,216612.0,20727.0,67.0,2012.9,9.7216220707994,0.10159791576205,0.0956872195446236,31.4301492537313,0.955874671149481,30.0432835820896,339,13935.14,6.61744118680608,41.1066076696165
2026-05-11,2017.34,213828.0,20618.0,50.0,1470.01,9.43440522288943,0.097843631778058,0.0964232934882242,40.3468,0.728687281271377,29.4002,357,16004.46,7.93344701438528,44.8304201680672
2026-05-12,2172.99,255502.0,23355.0,20.0,366.34,8.50478665529037,0.0930417469492614,0.0914082864322001,108.6495,0.168587982457351,18.317,315,12738.09,5.86201040961992,40.4383809523809
2026-05-13,2150.72,267654.0,22448.0,16.0,249.35,8.03544875099943,0.0958089807555239,0.0838694732751986,134.42,0.115937918464514,15.584375,318,15591.21,7.24929790953727,49.0289622641509
2026-05-14,2120.02,257480.0,24108.0,22.0,481.14,8.23372689140904,0.087938443670151,0.0936305732484076,96.3645454545455,0.226950689144442,21.87,337,13889.71,6.55168819162083,41.2157566765579
2026-05-15,2060.41,214768.0,25650.0,36.0,1011.96,9.5936545481636,0.0803278752436647,0.119431200178798,57.2336111111111,0.491144966293117,28.11,416,18192.49,8.82954848792231,43.7319471153846
2026-05-16,2209.45,313460.0,27489.0,26.0,369.11,7.04858674153002,0.0803757866783077,0.0876953997320232,84.9788461538462,0.167059675484849,14.1965384615385,354,18472.37,8.36061915861413,52.1818361581921
2026-05-17,2255.04,265616.0,27622.0,24.0,447.33,8.4898500090356,0.0816392730432264,0.103992229383772,93.96,0.198368986802895,18.63875,291,12786.12,5.67001915708812,43.9385567010309
2026-05-18,2120.37,228097.0,25647.0,15.0,405.97,9.29591358062579,0.0826751666861621,0.112439006212269,141.358,0.191461867504256,27.0646666666667,349,15324.48,7.2272669392606,43.9096848137536
2026-05-19,2112.47,206045.0,26167.0,17.0,153.03,10.2524691208231,0.0807303091680361,0.126996529884249,124.262941176471,0.0724412654380891,9.00176470588235,326,14527.58,6.87705860911634,44.5631288343558
2026-05-20,2291.27,228892.0,27475.0,33.0,626.49,10.0102668507418,0.0833947224749773,0.120034776226343,69.4324242424243,0.27342478188952,18.9845454545455,364,16200.63,7.07058967297612,44.5072252747252
2026-05-21,2360.15,341375.0,27385.0,40.0,1201.31,6.91365800073233,0.0861840423589556,0.0802196997436836,59.00375,0.508997309493041,30.03275,424,18995.98,8.04863250217147,44.8018396226415
2026-05-22,2303.61,318683.0,26465.0,21.0,857.71,7.2285311736114,0.0870436425467599,0.083044906694113,109.695714285714,0.372332990393339,40.8433333333333,431,19460.58,8.44786226835271,45.1521577726218
2026-05-23,2257.06,321714.0,27204.0,32.0,1138.3,7.0157344722331,0.0829679458903102,0.0845595777616144,70.533125,0.504328639912098,35.571875,405,17778.33,7.87676446350562,43.8971111111111
2026-05-24,2316.62,365935.0,29071.0,15.0,241.34,6.33068714389168,0.0796883492139933,0.0794430704906609,154.441333333333,0.104177638110696,16.0893333333333,353,13341.85,5.75918795486528,37.7956090651558
2026-05-25,2293.33,407940.0,28981.0,54.0,1546.29,5.62173358827279,0.0791321900555536,0.0710423101436486,42.4690740740741,0.674255340487414,28.635,367,15000.36,6.54086415823278,40.8729155313351
2026-05-26,2192.86,351828.0,28405.0,31.0,851.17,6.2327614629876,0.0771997887695828,0.0807354730152234,70.7374193548387,0.388155194586066,27.4570967741936,386,16208.1,7.3913063305455,41.989896373057
2026-05-27,2320.8,365570.0,31766.0,36.0,631.65,6.34844215882047,0.0730592457344331,0.0868944388215663,64.4666666666667,0.272169079627715,17.5458333333333,318,13662.36,5.88691830403309,42.9633962264151
2026-05-28,2378.87,358717.0,30413.0,48.0,859.15,6.63160653105373,0.0782188537796337,0.0847827117198237,49.5597916666667,0.361158869547306,17.8989583333333,475,22444.65,9.43500485524641,47.2518947368421
2026-05-29,2348.58,338307.0,30424.0,45.0,1685.75,6.94215608899609,0.0771949776492243,0.0899301521990382,52.1906666666667,0.717774144376602,37.4611111111111,599,23342.87,9.93914194960359,38.9697328881469
2026-05-30,2027.25,293795.0,24461.0,58.0,804.45,6.9002195408363,0.0828768243326111,0.0832587348321108,34.9525862068966,0.396818349981502,13.8698275862069,507,21737.53,10.722668639783,42.8748126232742
2026-05-31,2162.3,336719.0,25426.0,30.0,614.07,6.42167504655217,0.0850428695036577,0.0755110344233619,72.0766666666667,0.283989270683994,20.469,490,20003.12,9.25085325810479,40.822693877551
2026-06-01,2235.22,337918.0,28003.0,40.0,936.72,6.61468166833374,0.0798207334928401,0.0828692167922395,55.8805,0.419072842941634,23.418,583,23716.82,10.6105081379014,40.6806518010292
2026-06-02,2432.8,300259.0,31047.0,64.0,741.21,8.10233831458841,0.0783586175797984,0.103400730702494,38.0125,0.30467362709635,11.58140625,514,21364.59,8.78189329168038,41.5653501945526
2026-06-03,2319.06,343146.0,29199.0,22.0,333.19,6.75823119022224,0.07942258296517,0.085092059939501,105.411818181818,0.143674592291704,15.145,595,25941.68,11.1862909972144,43.599462184874
2026-06-04,2238.31,165453.0,27522.0,22.0,621.79,13.5283736166766,0.0813280284863019,0.166343311997969,101.741363636364,0.277794407387717,28.2631818181818,573,24653.33,11.0142607592335,43.0250087260035
2026-06-05,2252.91,168608.0,29050.0,25.0,636.2,13.3618215031315,0.0775528399311532,0.172293129626115,90.1164,0.282390330727814,25.448,581,22954.32,10.1887425596229,39.5082960413081
2026-06-06,2275.54,173254.0,29797.0,35.0,271.99,13.1341267734078,0.0763680907473907,0.171984485206691,65.0154285714286,0.119527672552449,7.77114285714286,568,24295.09,10.6766262074057,42.7730457746479
2026-06-07,2210.71,130075.0,28317.0,30.0,391.77,16.9956563521046,0.0780700639192005,0.217697482221795,73.6903333333333,0.177214560028226,13.059,502,19594.93,8.86363656924698,39.0337250996016
2026-06-08,2231.9,132478.0,29071.0,29.0,414.03,16.8473255936835,0.0767741047779574,0.219440208940352,76.9620689655173,0.185505623011784,14.2768965517241,420,16939.59,7.58976208611497,40.3323571428571
2026-06-09,2237.38,146789.0,29504.0,26.0,623.38,15.2421502973656,0.0758331073752712,0.200995987437751,86.0530769230769,0.278620529369173,23.9761538461538,407,17179.07,7.67820844022919,42.2090171990172
2026-06-10,2307.5,175996.0,30341.0,43.0,539.54,13.1110934339417,0.0760522065851488,0.172395963544626,53.6627906976744,0.233820151679307,12.5474418604651,463,19350.69,8.38599783315275,41.7941468682505
2026-06-11,2304.94,159888.0,31435.0,36.0,653.9,14.4159661763234,0.0733240019087005,0.196606374462123,64.0261111111111,0.283695020260831,18.1638888888889,486,19357.21,8.39814051558826,39.8296502057613
2026-06-12,2273.5,137534.0,28768.0,43.0,1214.23,16.5304579231317,0.0790287819799778,0.209170096121686,52.8720930232558,0.534079612931603,28.2379069767442,463,18610.45,8.1858148229602,40.1953563714903
2026-06-13,2399.89,171414.0,32846.0,53.0,920.23,14.0005483799456,0.0730649089691287,0.191617954192773,45.2809433962264,0.383446741308977,17.3628301886792,506,19415.48,8.09015413206439,38.3705138339921
2026-06-14,2442.18,174011.0,34345.0,32.0,210.76,14.0346299946555,0.0711072936380841,0.197372579894374,76.318125,0.0862999451309895,6.58625,452,16348.44,6.69419944475837,36.1691150442478
2026-06-15,2388.04,183713.0,32647.0,38.0,879.51,12.9987534904988,0.0731473029681135,0.17770653138319,62.8431578947368,0.36829785095727,23.145,558,22881.86,9.58185792532788,41.006917562724
2026-06-16,2251.6,164933.0,32763.0,50.0,1080.94,13.6516039846483,0.0687238653358972,0.198644297987668,45.032,0.48007639012258,21.6188,475,19934.76,8.85359744181915,41.9679157894737
2026-06-17,2335.8,174148.0,33610.0,107.0,2560.85,13.4127294025771,0.0694971734602797,0.192996761375382,21.8299065420561,1.0963481462454,23.9331775700935,509,19502.49,8.34938350886206,38.3153045186641
2026-06-18,2259.72,193532.0,30776.0,143.0,4851.82,11.6762085856603,0.0734247465557577,0.159022797263502,15.8022377622378,2.14708901987857,33.9288111888112,460,19262.11,8.52411360699556,41.874152173913
2026-06-19,2241.88,208328.0,31107.0,135.0,3570.7,10.7612994892669,0.0720699521008133,0.149317422526017,16.6065185185185,1.5927257480329,26.4496296296296,497,21906.34,9.77141506235837,44.0771428571428
2026-06-20,2298.31,247035.0,29802.0,196.0,4216.36,9.30358046430668,0.0771193208509496,0.12063877588196,11.7260714285714,1.83454799396078,21.5120408163265,418,16042.68,6.98020719572207,38.3796172248804
2026-06-21,2307.99,233371.0,29027.0,138.0,3052.53,9.88978921974024,0.0795118338099011,0.124381349867807,16.7245652173913,1.32259238558226,22.1197826086957,431,17394.22,7.53652312185061,40.357819025522
2026-06-22,2294.65,248474.0,27331.0,185.0,5525.77,9.23497025845763,0.0839577768833925,0.109995411994816,12.4035135135135,2.40811016930687,29.869027027027,370,15056.94,6.56175887390234,40.6944324324324
2026-06-23,2304.86,269611.0,25897.0,223.0,6065.56,8.54883517363906,0.089001042591806,0.0960532025770462,10.3356950672646,2.63163923188393,27.1998206278027,415,16017.97,6.94964987027411,38.5975180722891
2026-06-24,2316.31,286564.0,25182.0,234.0,4747.64,8.08304602113315,0.0919827654673974,0.0878756577937215,9.89876068376068,2.049656565831,20.2890598290598,383,16923.61,7.30628024746256,44.1869712793734
2026-06-25,2304.39,315316.0,23665.0,263.0,6492.86,7.30819241649647,0.0973754489752799,0.0750516941734641,8.7619391634981,2.8176046589336,24.687680608365,453,18700.83,8.11530600289013,41.2821854304635
2026-06-26,2249.91,256921.0,24262.0,266.0,6980.83,8.75720552232009,0.092733904871816,0.0944336975179141,8.45830827067669,3.1027152197199,26.2437218045113,403,16024.19,7.12214710810655,39.7622580645161
2026-06-27,2248.2,271371.0,25167.0,240.0,4814.01,8.28459931238047,0.0893312671355346,0.0927401969996794,9.3675,2.14127301841473,20.058375,446,17980.11,7.99755804643715,40.3141479820628
2026-06-28,2296.3,286103.0,28299.0,179.0,4459.33,8.02613044952343,0.0811442100427577,0.0989119303188013,12.8284916201117,1.94196315812394,24.9124581005587,400,16914.92,7.36616295780168,42.2873
